{"lr_0": 0.06825362145900726, "prior_std": 0.33042997121810913, "num_samples_per_cycle": 4, "cycle_length": 22, "burn_in_epochs": 1, "num_cycles": 10, "alpha": 0.21256764233112335}
