{"lr_0": 0.05866509675979614, "prior_std": 0.17959332466125488, "num_samples_per_cycle": 3, "cycle_length": 21, "burn_in_epochs": 1, "num_cycles": 10}
