{"step_size": 0.00020897435024380684, "L": 40, "tau": 100.0, "mass": 0.1919177919626236, "num_samples": 300, "burn": 200}
