{"lr": 0.08323124796152115, "epochs": 0, "dropout": 0.2, "momentum": 0.9040795087814331, "lengthscale": 0.0016902670031413436, "num_samples": 100, "weight_decay": 0.0003}
