{"lr": 0.03134895861148834, "prior_std": 0.14046818017959595, "alpha": 0.10199674218893051, "burn_in_epochs": 50, "num_samples": 100}
