{"lr": 0.09999999403953552, "prior_std": 0.1664159595966339, "burn_in_epochs": 50, "num_samples": 100}
